{
	"status":1,
	"result":{
		"total":50,
	    "goods":[
	        {
	            "name":"香烟",
	            "price":15,
	            "number":1,
	            "selected": true,
	            "image": "./img/xiangyan.jpg",
	            "alt": "香烟"
	        },
	        {
	            "name": "啤酒",
	            "price": 12,
	            "number": 1,
	            "selected": true,
	            "image": "./img/pjiu.jpg",
	            "alt": "啤酒"
	        },
	        {
	            "name": "打火机",
	            "price": 2,
	            "number": 1,
	            "selected": true,
	            "image": "./img/fire.jpg",
	            "alt": "打火机"
	        },
	        {
	            "name": "鸡腿",
	            "price": 5,
	            "number": 1,
	            "selected": true,
	            "image": "./img/chick.jpg",
	            "alt": "鸡腿"
	        },
	        {
	            "name": "垃圾袋",
	            "price": 8,
	            "number": 1,
	            "selected": true,
	            "image": "./img/bush.jpg",
	            "alt": "垃圾袋"
	        }
	    ]
    },
    "message":""
}